,Mutual Information Score,Rand Score
Kmeans,1.47692425521467,0.957637328339576
Spectral Clustering,1.50571083509162,0.962952559300874
Gaussian Mixture Labelling,1.47692425521467,0.957637328339576
Mini Batch Kmeans,1.31613756652652,0.925365168539326
